{"$schema":"http://schema.management.azure.com/schemas/2015-01-01/deploymentTemplate.json#","contentVersion":"1.0.0.0","parameters":{"factoryName":{"type":"string","metadata":"Data Factory name"},"LS_ASQL_TraditionalDW":{"type":"string"}},"variables":{"factoryId":"[concat('Microsoft.DataFactory/factories/', parameters('factoryName'))]"},"resources":[{"name":"[concat(parameters('factoryName'), '/PL_TRAN_TraditionalDW')]","type":"Microsoft.DataFactory/factories/pipelines","apiVersion":"2018-06-01","properties":{"activities":[{"name":"PipelineStart","type":"Lookup","dependsOn":[],"policy":{"timeout":"7.00:00:00","retry":0,"retryIntervalInSeconds":30,"secureOutput":false,"secureInput":false},"userProperties":[],"typeProperties":{"source":{"type":"AzureSqlSource","sqlReaderStoredProcedureName":"[[log].[PipelineExecutionStart]","storedProcedureParameters":{"ID_PipelineExecution":{"type":"Int64","value":"0"},"PipelineName":{"type":"String","value":{"value":"@pipeline().Pipeline","type":"Expression"}},"PipelineRunID":{"type":"String","value":{"value":"@pipeline().RunId","type":"Expression"}}},"partitionOption":"None"},"dataset":{"referenceName":"DS_ASQL_PipelineExecution","type":"DatasetReference","parameters":{}}}},{"name":"PipelineEndSucces","type":"SqlServerStoredProcedure","dependsOn":[{"activity":"Transform Sales","dependencyConditions":["Succeeded"]}],"policy":{"timeout":"7.00:00:00","retry":0,"retryIntervalInSeconds":30,"secureOutput":false,"secureInput":false},"userProperties":[],"typeProperties":{"storedProcedureName":"[[log].[PipelineExecutionEnd]","storedProcedureParameters":{"ErrorText":{"value":"","type":"String"},"ID_PipelineExecution":{"value":{"value":"@{activity('PipelineStart').output.firstRow.ID_PipelineExecution}","type":"Expression"},"type":"Int32"}}},"linkedServiceName":{"referenceName":"[parameters('LS_ASQL_TraditionalDW')]","type":"LinkedServiceReference"}},{"name":"Transform Product","type":"SqlServerStoredProcedure","dependsOn":[{"activity":"Stage sales","dependencyConditions":["Succeeded"]}],"policy":{"timeout":"7.00:00:00","retry":0,"retryIntervalInSeconds":30,"secureOutput":false,"secureInput":false},"userProperties":[],"typeProperties":{"storedProcedureName":"[[bas].[UpdateDimension]","storedProcedureParameters":{"ID_PipelineExecution":{"value":{"value":"@{activity('PipelineStart').output.firstRow.ID_PipelineExecution}","type":"Expression"},"type":"Int32"},"DimensionName":{"value":"DimProduct","type":"String"}}},"linkedServiceName":{"referenceName":"[parameters('LS_ASQL_TraditionalDW')]","type":"LinkedServiceReference"}},{"name":"Transform Sales","type":"SqlServerStoredProcedure","dependsOn":[{"activity":"Transform Product","dependencyConditions":["Succeeded"]},{"activity":"Transform Customer","dependencyConditions":["Succeeded"]}],"policy":{"timeout":"7.00:00:00","retry":0,"retryIntervalInSeconds":30,"secureOutput":false,"secureInput":false},"userProperties":[],"typeProperties":{"storedProcedureName":"[[bas].[UpdateFact]","storedProcedureParameters":{"FactName":{"value":"FactSales","type":"String"},"ID_PipelineExecution":{"value":{"value":"@{activity('PipelineStart').output.firstRow.ID_PipelineExecution}","type":"Expression"},"type":"Int32"}}},"linkedServiceName":{"referenceName":"[parameters('LS_ASQL_TraditionalDW')]","type":"LinkedServiceReference"}},{"name":"PipelineEndFailure Sales","type":"SqlServerStoredProcedure","dependsOn":[{"activity":"Transform Sales","dependencyConditions":["Failed"]}],"policy":{"timeout":"7.00:00:00","retry":0,"retryIntervalInSeconds":30,"secureOutput":false,"secureInput":false},"userProperties":[],"typeProperties":{"storedProcedureName":"[[log].[PipelineExecutionEnd]","storedProcedureParameters":{"ErrorText":{"value":"Transform Sales fejlet","type":"String"},"ID_PipelineExecution":{"value":{"value":"@{activity('PipelineStart').output.firstRow.ID_PipelineExecution}","type":"Expression"},"type":"Int32"}}},"linkedServiceName":{"referenceName":"[parameters('LS_ASQL_TraditionalDW')]","type":"LinkedServiceReference"}},{"name":"PipelineEndFailure Product","type":"SqlServerStoredProcedure","dependsOn":[{"activity":"Transform Product","dependencyConditions":["Failed"]}],"policy":{"timeout":"7.00:00:00","retry":0,"retryIntervalInSeconds":30,"secureOutput":false,"secureInput":false},"userProperties":[],"typeProperties":{"storedProcedureName":"[[log].[PipelineExecutionEnd]","storedProcedureParameters":{"ErrorText":{"value":"Transform Product fejlet","type":"String"},"ID_PipelineExecution":{"value":{"value":"@{activity('PipelineStart').output.firstRow.ID_PipelineExecution}","type":"Expression"},"type":"Int32"}}},"linkedServiceName":{"referenceName":"[parameters('LS_ASQL_TraditionalDW')]","type":"LinkedServiceReference"}},{"name":"Transform Customer","type":"SqlServerStoredProcedure","dependsOn":[{"activity":"Stage sales","dependencyConditions":["Succeeded"]}],"policy":{"timeout":"7.00:00:00","retry":0,"retryIntervalInSeconds":30,"secureOutput":false,"secureInput":false},"userProperties":[],"typeProperties":{"storedProcedureName":"[[bas].[UpdateDimension]","storedProcedureParameters":{"ID_PipelineExecution":{"value":{"value":"@{activity('PipelineStart').output.firstRow.ID_PipelineExecution}","type":"Expression"},"type":"Int32"},"DimensionName":{"value":"DimCustomer","type":"String"}}},"linkedServiceName":{"referenceName":"[parameters('LS_ASQL_TraditionalDW')]","type":"LinkedServiceReference"}},{"name":"PipelineEndFailure Customer","type":"SqlServerStoredProcedure","dependsOn":[{"activity":"Transform Customer","dependencyConditions":["Failed"]}],"policy":{"timeout":"7.00:00:00","retry":0,"retryIntervalInSeconds":30,"secureOutput":false,"secureInput":false},"userProperties":[],"typeProperties":{"storedProcedureName":"[[log].[PipelineExecutionEnd]","storedProcedureParameters":{"ErrorText":{"value":"Transform Customer fejlet","type":"String"},"ID_PipelineExecution":{"value":{"value":"@{activity('PipelineStart').output.firstRow.ID_PipelineExecution}","type":"Expression"},"type":"Int32"}}},"linkedServiceName":{"referenceName":"[parameters('LS_ASQL_TraditionalDW')]","type":"LinkedServiceReference"}},{"name":"Stage sales","type":"SqlServerStoredProcedure","dependsOn":[{"activity":"PipelineStart","dependencyConditions":["Succeeded"]}],"policy":{"timeout":"7.00:00:00","retry":0,"retryIntervalInSeconds":30,"secureOutput":false,"secureInput":false},"userProperties":[],"typeProperties":{"storedProcedureName":"[[sta].[UpdateTable]","storedProcedureParameters":{"ID_PipelineExecution":{"value":{"value":"@{activity('PipelineStart').output.firstRow.ID_PipelineExecution}","type":"Expression"},"type":"Int32"},"TableName":{"value":"Sales","type":"String"}}},"linkedServiceName":{"referenceName":"[parameters('LS_ASQL_TraditionalDW')]","type":"LinkedServiceReference"}},{"name":"PipelineEndFaliure stage sales","type":"SqlServerStoredProcedure","dependsOn":[{"activity":"Stage sales","dependencyConditions":["Failed"]}],"policy":{"timeout":"7.00:00:00","retry":0,"retryIntervalInSeconds":30,"secureOutput":false,"secureInput":false},"userProperties":[],"typeProperties":{"storedProcedureName":"[[log].[PipelineExecutionEnd]","storedProcedureParameters":{"ErrorText":{"value":"Stage sales fejlet","type":"String"},"ID_PipelineExecution":{"value":{"value":"@{activity('PipelineStart').output.firstRow.ID_PipelineExecution}","type":"Expression"},"type":"Int32"}}},"linkedServiceName":{"referenceName":"[parameters('LS_ASQL_TraditionalDW')]","type":"LinkedServiceReference"}}],"annotations":[],"lastPublishTime":"2020-02-04T13:36:17Z"},"dependsOn":["[concat(variables('factoryId'), '/datasets/DS_ASQL_PipelineExecution')]"]},{"name":"[concat(parameters('factoryName'), '/DS_ASQL_PipelineExecution')]","type":"Microsoft.DataFactory/factories/datasets","apiVersion":"2018-06-01","properties":{"linkedServiceName":{"referenceName":"[parameters('LS_ASQL_TraditionalDW')]","type":"LinkedServiceReference"},"annotations":[],"type":"AzureSqlTable","typeProperties":{"tableName":"[[log].[PipelineExecution]"}},"dependsOn":[]}]}