{"$schema":"http://schema.management.azure.com/schemas/2015-01-01/deploymentTemplate.json#","contentVersion":"1.0.0.0","parameters":{"workspaceName":{"type":"string","metadata":"Workspace name","defaultValue":"syn-traditionaldw"},"LS_ASQL_TraditionalDW":{"type":"string"}},"variables":{"workspaceId":"[concat('Microsoft.Synapse/workspaces/', parameters('workspaceName'))]"},"resources":[{"name":"[concat(parameters('workspaceName'), '/PL_TRAN_DWH')]","type":"Microsoft.Synapse/workspaces/pipelines","apiVersion":"2019-06-01-preview","properties":{"description":"Dynamic pipeline to orchestrate transformation of dimensions and facts in Azure SQL Database (DWH).\n\nCreated by Just Blindbæk (justB.dk)","activities":[{"name":"PipelineStart","type":"Lookup","dependsOn":[],"policy":{"timeout":"7.00:00:00","retry":0,"retryIntervalInSeconds":30,"secureOutput":false,"secureInput":false},"userProperties":[],"typeProperties":{"source":{"type":"AzureSqlSource","sqlReaderStoredProcedureName":"[[log].[PipelineExecutionStart]","storedProcedureParameters":{"ID_PipelineExecution":{"type":"Int64","value":"0"},"PipelineName":{"type":"String","value":{"value":"@pipeline().Pipeline","type":"Expression"}},"PipelineRunID":{"type":"String","value":{"value":"@pipeline().RunId","type":"Expression"}}},"partitionOption":"None"},"dataset":{"referenceName":"DS_ASQL_PipelineExecution","type":"DatasetReference","parameters":{}},"firstRowOnly":false}},{"name":"PipelineEndSucces","type":"SqlServerStoredProcedure","dependsOn":[{"activity":"ForEach fact table","dependencyConditions":["Succeeded"]}],"policy":{"timeout":"7.00:00:00","retry":0,"retryIntervalInSeconds":30,"secureOutput":false,"secureInput":false},"userProperties":[],"typeProperties":{"storedProcedureName":"[[log].[PipelineExecutionEnd]","storedProcedureParameters":{"ErrorText":{"value":"","type":"String"},"ID_PipelineExecution":{"value":{"value":"@activity('PipelineStart').output.value[0].ID_PipelineExecution","type":"Expression"},"type":"Int32"}}},"linkedServiceName":{"referenceName":"[parameters('LS_ASQL_TraditionalDW')]","type":"LinkedServiceReference"}},{"name":"PipelineEndFailure fact","type":"SqlServerStoredProcedure","dependsOn":[{"activity":"ForEach fact table","dependencyConditions":["Failed"]}],"policy":{"timeout":"7.00:00:00","retry":0,"retryIntervalInSeconds":30,"secureOutput":false,"secureInput":false},"userProperties":[],"typeProperties":{"storedProcedureName":"[[log].[PipelineExecutionEnd]","storedProcedureParameters":{"ErrorText":{"value":"Transform Sales fejlet","type":"String"},"ID_PipelineExecution":{"value":{"value":"@activity('PipelineStart').output.value[0].ID_PipelineExecution","type":"Expression"},"type":"Int32"}}},"linkedServiceName":{"referenceName":"[parameters('LS_ASQL_TraditionalDW')]","type":"LinkedServiceReference"}},{"name":"PipelineEndFailure dimension","type":"SqlServerStoredProcedure","dependsOn":[{"activity":"ForEach dimension table","dependencyConditions":["Failed"]}],"policy":{"timeout":"7.00:00:00","retry":0,"retryIntervalInSeconds":30,"secureOutput":false,"secureInput":false},"userProperties":[],"typeProperties":{"storedProcedureName":"[[log].[PipelineExecutionEnd]","storedProcedureParameters":{"ErrorText":{"value":"Transform failed","type":"String"},"ID_PipelineExecution":{"value":{"value":"@activity('PipelineStart').output.value[0].ID_PipelineExecution","type":"Expression"},"type":"Int32"}}},"linkedServiceName":{"referenceName":"[parameters('LS_ASQL_TraditionalDW')]","type":"LinkedServiceReference"}},{"name":"PipelineEndFaliure stage","type":"SqlServerStoredProcedure","dependsOn":[{"activity":"ForEach stage table","dependencyConditions":["Failed"]}],"policy":{"timeout":"7.00:00:00","retry":0,"retryIntervalInSeconds":30,"secureOutput":false,"secureInput":false},"userProperties":[],"typeProperties":{"storedProcedureName":"[[log].[PipelineExecutionEnd]","storedProcedureParameters":{"ErrorText":{"value":"Stage failed","type":"String"},"ID_PipelineExecution":{"value":{"value":"@activity('PipelineStart').output.value[0].ID_PipelineExecution","type":"Expression"},"type":"Int32"}}},"linkedServiceName":{"referenceName":"[parameters('LS_ASQL_TraditionalDW')]","type":"LinkedServiceReference"}},{"name":"ForEach stage table","type":"ForEach","dependsOn":[{"activity":"Filter stage tables","dependencyConditions":["Succeeded"]}],"userProperties":[],"typeProperties":{"items":{"value":"@activity('Filter stage tables').output.Value","type":"Expression"},"activities":[{"name":"Stage tables","type":"SqlServerStoredProcedure","dependsOn":[],"policy":{"timeout":"7.00:00:00","retry":0,"retryIntervalInSeconds":30,"secureOutput":false,"secureInput":false},"userProperties":[],"typeProperties":{"storedProcedureName":"[[sta].[UpdateTable]","storedProcedureParameters":{"ID_PipelineExecution":{"value":{"value":"@item().ID_PipelineExecution","type":"Expression"},"type":"Int32"},"TableName":{"value":{"value":"@item().TableName","type":"Expression"},"type":"String"}}},"linkedServiceName":{"referenceName":"[parameters('LS_ASQL_TraditionalDW')]","type":"LinkedServiceReference"}}]}},{"name":"ForEach dimension table","type":"ForEach","dependsOn":[{"activity":"Filter dimension tables","dependencyConditions":["Succeeded"]}],"userProperties":[],"typeProperties":{"items":{"value":"@activity('Filter dimension tables').output.Value","type":"Expression"},"activities":[{"name":"Update dimension","type":"SqlServerStoredProcedure","dependsOn":[],"policy":{"timeout":"7.00:00:00","retry":0,"retryIntervalInSeconds":30,"secureOutput":false,"secureInput":false},"userProperties":[],"typeProperties":{"storedProcedureName":"[[bas].[UpdateDimension]","storedProcedureParameters":{"ID_PipelineExecution":{"value":{"value":"@item().ID_PipelineExecution","type":"Expression"},"type":"Int32"},"DimensionName":{"value":{"value":"@item().TableName","type":"Expression"},"type":"String"}}},"linkedServiceName":{"referenceName":"[parameters('LS_ASQL_TraditionalDW')]","type":"LinkedServiceReference"}}]}},{"name":"ForEach fact table","type":"ForEach","dependsOn":[{"activity":"Filter fact tables","dependencyConditions":["Succeeded"]}],"userProperties":[],"typeProperties":{"items":{"value":"@activity('Filter fact tables').output.Value","type":"Expression"},"activities":[{"name":"Update fact","type":"SqlServerStoredProcedure","dependsOn":[],"policy":{"timeout":"7.00:00:00","retry":0,"retryIntervalInSeconds":30,"secureOutput":false,"secureInput":false},"userProperties":[],"typeProperties":{"storedProcedureName":"[[bas].[UpdateFact]","storedProcedureParameters":{"FactName":{"value":{"value":"@item().TableName","type":"Expression"},"type":"String"},"ID_PipelineExecution":{"value":{"value":"@item().ID_PipelineExecution","type":"Expression"},"type":"Int32"}}},"linkedServiceName":{"referenceName":"[parameters('LS_ASQL_TraditionalDW')]","type":"LinkedServiceReference"}}]}},{"name":"Filter stage tables","type":"Filter","dependsOn":[{"activity":"PipelineStart","dependencyConditions":["Succeeded"]}],"userProperties":[],"typeProperties":{"items":{"value":"@activity('PipelineStart').output.value","type":"Expression"},"condition":{"value":"@equals(item().StageName, 'Stage')","type":"Expression"}}},{"name":"Filter dimension tables","type":"Filter","dependsOn":[{"activity":"ForEach stage table","dependencyConditions":["Succeeded"]}],"userProperties":[],"typeProperties":{"items":{"value":"@activity('PipelineStart').output.value","type":"Expression"},"condition":{"value":"@equals(item().StageName, 'Dimension')","type":"Expression"}}},{"name":"Filter fact tables","type":"Filter","dependsOn":[{"activity":"ForEach dimension table","dependencyConditions":["Succeeded"]}],"userProperties":[],"typeProperties":{"items":{"value":"@activity('PipelineStart').output.value","type":"Expression"},"condition":{"value":"@equals(item().StageName, 'Fact')","type":"Expression"}}}],"policy":{"elapsedTimeMetric":{},"cancelAfter":{}},"annotations":[],"lastPublishTime":"2022-10-10T13:44:49Z"},"dependsOn":["[concat(variables('workspaceId'), '/datasets/DS_ASQL_PipelineExecution')]"]},{"name":"[concat(parameters('workspaceName'), '/DS_ASQL_PipelineExecution')]","type":"Microsoft.Synapse/workspaces/datasets","apiVersion":"2019-06-01-preview","properties":{"linkedServiceName":{"referenceName":"[parameters('LS_ASQL_TraditionalDW')]","type":"LinkedServiceReference"},"folder":{"name":"SalesDW"},"annotations":[],"type":"AzureSqlTable","typeProperties":{"tableName":"[[log].[PipelineExecution]"}},"dependsOn":[]}]}