{"$schema":"http://schema.management.azure.com/schemas/2015-01-01/deploymentTemplate.json#","contentVersion":"1.0.0.0","parameters":{"workspaceName":{"type":"string","metadata":"Workspace name","defaultValue":"syn-traditionaldw"},"LS_ASQL_AdventureWorksLT":{"type":"string"},"LS_ASQL_TraditionalDW":{"type":"string"}},"variables":{"workspaceId":"[concat('Microsoft.Synapse/workspaces/', parameters('workspaceName'))]"},"resources":[{"name":"[concat(parameters('workspaceName'), '/PL_COPY_AdventureWorksLT')]","type":"Microsoft.Synapse/workspaces/pipelines","apiVersion":"2019-06-01-preview","properties":{"description":"Dynamic pipeline to copy data from AdventureWorksLT database to DWH in Azure SQL database.\n\nCreated by Just Blindbæk (justB.dk)","activities":[{"name":"Lookup table metadata","type":"Lookup","dependsOn":[],"policy":{"timeout":"0.01:00:00","retry":0,"retryIntervalInSeconds":30,"secureOutput":false,"secureInput":false},"userProperties":[],"typeProperties":{"source":{"type":"AzureSqlSource","sqlReaderQuery":"SELECT TABLE_SCHEMA AS TableSchema, TABLE_NAME AS TableName\nFROM INFORMATION_SCHEMA.TABLES \nWHERE 1=1\nAND TABLE_SCHEMA = 'SalesLT'\nAND TABLE_TYPE = 'BASE TABLE'","queryTimeout":"02:00:00","partitionOption":"None"},"dataset":{"referenceName":"DS_ASQL_AdventureWorksLT","type":"DatasetReference","parameters":{"TableSchema":"x","TableName":"x"}},"firstRowOnly":false}},{"name":"For Each table","type":"ForEach","dependsOn":[{"activity":"Lookup table metadata","dependencyConditions":["Succeeded"]}],"userProperties":[],"typeProperties":{"items":{"value":"@activity('Lookup table metadata').output.value","type":"Expression"},"activities":[{"name":"Copy tables","type":"Copy","dependsOn":[],"policy":{"timeout":"0.01:00:00","retry":0,"retryIntervalInSeconds":30,"secureOutput":false,"secureInput":false},"userProperties":[{"name":"Source","value":"@{item().TableSchema}.@{item().TableName}"}],"typeProperties":{"source":{"type":"AzureSqlSource","additionalColumns":[{"name":"ADF_PipelineRunId","value":{"value":"@pipeline().RunId","type":"Expression"}}],"queryTimeout":"02:00:00","partitionOption":"None"},"sink":{"type":"AzureSqlSink","preCopyScript":{"value":"IF '@{pipeline().parameters.LoadMethod}'='Full' AND EXISTS (SELECT 1 FROM INFORMATION_SCHEMA.TABLES WHERE TABLE_SCHEMA = 'raw' AND TABLE_NAME = '@{item().TableSchema}_@{item().TableName}')\nBEGIN\n TRUNCATE TABLE [raw].[@{item().TableSchema}_@{item().TableName}]\nEND","type":"Expression"},"writeBehavior":"insert","sqlWriterUseTableLock":false,"tableOption":"autoCreate","disableMetricsCollection":false},"enableStaging":false},"inputs":[{"referenceName":"DS_ASQL_AdventureWorksLT","type":"DatasetReference","parameters":{"TableSchema":{"value":"@item().TableSchema","type":"Expression"},"TableName":{"value":"@item().TableName","type":"Expression"}}}],"outputs":[{"referenceName":"DS_ASQL_DWH","type":"DatasetReference","parameters":{"TableSchema":"raw","TableName":{"value":"@{item().TableSchema}_@{item().TableName}","type":"Expression"}}}]}]}}],"policy":{"elapsedTimeMetric":{},"cancelAfter":{}},"parameters":{"LoadMethod":{"type":"string","defaultValue":"Full"}},"annotations":[],"lastPublishTime":"2022-10-10T12:27:00Z"},"dependsOn":["[concat(variables('workspaceId'), '/datasets/DS_ASQL_AdventureWorksLT')]","[concat(variables('workspaceId'), '/datasets/DS_ASQL_DWH')]"]},{"name":"[concat(parameters('workspaceName'), '/DS_ASQL_AdventureWorksLT')]","type":"Microsoft.Synapse/workspaces/datasets","apiVersion":"2019-06-01-preview","properties":{"linkedServiceName":{"referenceName":"[parameters('LS_ASQL_AdventureWorksLT')]","type":"LinkedServiceReference"},"parameters":{"TableSchema":{"type":"string","defaultValue":"SalesLT"},"TableName":{"type":"string"}},"annotations":[],"type":"AzureSqlTable","schema":[],"typeProperties":{"schema":{"value":"@dataset().TableSchema","type":"Expression"},"table":{"value":"@dataset().TableName","type":"Expression"}}},"dependsOn":[]},{"name":"[concat(parameters('workspaceName'), '/DS_ASQL_DWH')]","type":"Microsoft.Synapse/workspaces/datasets","apiVersion":"2019-06-01-preview","properties":{"linkedServiceName":{"referenceName":"[parameters('LS_ASQL_TraditionalDW')]","type":"LinkedServiceReference"},"parameters":{"TableSchema":{"type":"String"},"TableName":{"type":"String"}},"annotations":[],"type":"AzureSqlTable","schema":[],"typeProperties":{"schema":{"value":"@dataset().TableSchema","type":"Expression"},"table":{"value":"@dataset().TableName","type":"Expression"}}},"dependsOn":[]}]}