{"$schema":"http://schema.management.azure.com/schemas/2015-01-01/deploymentTemplate.json#","contentVersion":"1.0.0.0","parameters":{"factoryName":{"type":"string","metadata":"Data Factory name"}},"variables":{"factoryId":"[concat('Microsoft.DataFactory/factories/', parameters('factoryName'))]"},"resources":[{"name":"[concat(parameters('factoryName'), '/PL_UTIL_ScaleDB')]","type":"Microsoft.DataFactory/factories/pipelines","apiVersion":"2018-06-01","properties":{"activities":[{"name":"Scale Azure SQLDB","type":"WebActivity","dependsOn":[],"policy":{"timeout":"7.00:00:00","retry":0,"retryIntervalInSeconds":30,"secureOutput":false,"secureInput":false},"userProperties":[],"typeProperties":{"url":{"value":"https://management.azure.com/subscriptions/@{pipeline().parameters.SubscriptionID}/resourceGroups/@{pipeline().parameters.ResourceGroupName}/providers/Microsoft.Sql/servers/@{pipeline().parameters.AzureSQLServerName}/databases/@{pipeline().parameters.AzureSQLDatabaseName}?api-version=2017-10-01-preview","type":"Expression"},"method":"PUT","headers":{"Content-Type":"application/json"},"body":{"value":"@json(concat('{\"sku\":{\"name\":\"', pipeline().parameters.ComputeSize, '\",\"tier\":\"', pipeline().parameters.ServiceTier, '\"}, \"location\": \"', pipeline().parameters.AzureRegionName, ' \"}' ) )","type":"Expression"},"authentication":{"type":"MSI","resource":"https://management.azure.com/"}}}],"policy":{"elapsedTimeMetric":{},"cancelAfter":{}},"parameters":{"ServiceTier":{"type":"String","defaultValue":"Standard"},"ComputeSize":{"type":"String","defaultValue":"S0"},"AzureSQLServerName":{"type":"String","defaultValue":"sqls-traditionaldw"},"AzureSQLDatabaseName":{"type":"String","defaultValue":"sqldb-traditionaldw"},"SubscriptionID":{"type":"String"},"ResourceGroupName":{"type":"String","defaultValue":"RG-ModernTraditionalDW"},"AzureRegionName":{"type":"String","defaultValue":"West Europe"}},"annotations":[],"lastPublishTime":"2020-10-16T10:01:14Z"},"dependsOn":[]}]}